Id,Code,Year,gdp
Afghanistan,AFG,2000,6206547500
Afghanistan,AFG,2005,8874481000
Afghanistan,AFG,2010,15354613000
Afghanistan,AFG,2015,19134222000
Afghanistan,AFG,2020,20621957000
Albania,ALB,1990,5279161000
Albania,ALB,1995,4743489000
Albania,ALB,2000,6057219000
Albania,ALB,2005,8057259500
Albania,ALB,2010,10420209000
Albania,ALB,2015,11386853000
Albania,ALB,2020,12534896000
Algeria,DZA,1990,91497230000
Algeria,DZA,1995,92675800000
Algeria,DZA,2000,109811550000
Algeria,DZA,2005,139840300000
Algeria,DZA,2010,161276870000
Algeria,DZA,2015,187493860000
Algeria,DZA,2020,192185830000
American Samoa,ASM,2005,752116030
American Samoa,ASM,2010,687384700
American Samoa,ASM,2015,673000000
American Samoa,ASM,2020,656560300
Andorra,AND,1990,1638036100
Andorra,AND,1995,1765217900
Andorra,AND,2000,2240766200
Andorra,AND,2005,3137731800
Andorra,AND,2010,2927793000
Andorra,AND,2015,2789881300
Andorra,AND,2020,2672446000
Angola,AGO,1990,27672785000
Angola,AGO,1995,23312876000
Angola,AGO,2000,31304495000
Angola,AGO,2005,48737395000
Angola,AGO,2010,72556300000
Angola,AGO,2015,90496420000
Angola,AGO,2020,81399190000
Antigua and Barbuda,ATG,1990,830215200
Antigua and Barbuda,ATG,1995,921725200
Antigua and Barbuda,ATG,2000,1195469200
Antigua and Barbuda,ATG,2005,1377129100
Antigua and Barbuda,ATG,2010,1376434400
Antigua and Barbuda,ATG,2015,1437755500
Antigua and Barbuda,ATG,2020,1371776500
Argentina,ARG,1990,265817210000
Argentina,ARG,1995,348389340000
Argentina,ARG,2000,395646070000
Argentina,ARG,2005,435296600000
Argentina,ARG,2010,552738160000
Argentina,ARG,2015,594749300000
Argentina,ARG,2020,514874340000
Armenia,ARM,1990,5839777300
Armenia,ARM,1995,3083849000
Armenia,ARM,2000,3959424800
Armenia,ARM,2005,7048228000
Armenia,ARM,2010,8513509000
Armenia,ARM,2015,10553338000
Armenia,ARM,2020,11941036000
Aruba,ABW,1990,1669818600
Aruba,ABW,1995,2272818200
Aruba,ABW,2000,2735726800
Aruba,ABW,2005,3051023400
Aruba,ABW,2010,2782678000
Aruba,ABW,2015,2962907100
Aruba,ABW,2020,2383267000
Australia,AUS,1990,629466800000
Australia,AUS,1995,707786300000
Australia,AUS,2000,872651700000
Australia,AUS,2005,1026057040000
Australia,AUS,2010,1180435000000
Australia,AUS,2015,1351296400000
Australia,AUS,2020,1491062600000
Austria,AUT,1990,239296970000
Austria,AUT,1995,267089380000
Austria,AUT,2000,309014800000
Austria,AUT,2005,337250580000
Austria,AUT,2010,359922500000
Austria,AUT,2015,379546100000
Austria,AUT,2020,387247800000
Azerbaijan,AZE,1990,20240091000
Azerbaijan,AZE,1995,8472531000
Azerbaijan,AZE,2000,11918436000
Azerbaijan,AZE,2005,22086103000
Azerbaijan,AZE,2010,47220190000
Azerbaijan,AZE,2015,53076234000
Azerbaijan,AZE,2020,51308990000
Bahamas,BHS,1990,8557996000
Bahamas,BHS,1995,8517089300
Bahamas,BHS,2000,10506335000
Bahamas,BHS,2005,11404887000
Bahamas,BHS,2010,11272448000
Bahamas,BHS,2015,11671900000
Bahamas,BHS,2020,9452937000
Bahrain,BHR,1990,9444383000
Bahrain,BHR,1995,13114494000
Bahrain,BHR,2000,16199664000
Bahrain,BHR,2005,20833696000
Bahrain,BHR,2010,27303230000
Bahrain,BHR,2015,32523299000
Bahrain,BHR,2020,34724774000
Bangladesh,BGD,1990,52852404000
Bangladesh,BGD,1995,65950654000
Bangladesh,BGD,2000,83492880000
Bangladesh,BGD,2005,106974446000
Bangladesh,BGD,2010,143627570000
Bangladesh,BGD,2015,195146610000
Bangladesh,BGD,2020,266852780000
Barbados,BRB,1990,4506291700
Barbados,BRB,1995,4283766300
Barbados,BRB,2000,5071302700
Barbados,BRB,2005,5375401000
Barbados,BRB,2010,5439889400
Barbados,BRB,2015,5288058000
Barbados,BRB,2020,4554114600
Belarus,BLR,1990,29435183000
Belarus,BLR,1995,19219087000
Belarus,BLR,2000,26100365000
Belarus,BLR,2005,37474010000
Belarus,BLR,2010,53262230000
Belarus,BLR,2015,56454890000
Belarus,BLR,2020,58643480000
Belgium,BEL,1990,295130300000
Belgium,BEL,1995,319396940000
Belgium,BEL,2000,367797570000
Belgium,BEL,2005,404948880000
Belgium,BEL,2010,435731530000
Belgium,BEL,2015,461044780000
Belgium,BEL,2020,470417600000
Belize,BLZ,1990,752750300
Belize,BLZ,1995,1013952260
Belize,BLZ,2000,1363484400
Belize,BLZ,2005,1772285400
Belize,BLZ,2010,1895708400
Belize,BLZ,2015,2193050000
Belize,BLZ,2020,1955575600
Benin,BEN,1990,3958255600
Benin,BEN,1995,4863513000
Benin,BEN,2000,6219354000
Benin,BEN,2005,7532260000
Benin,BEN,2010,9094482000
Benin,BEN,2015,11388161000
Benin,BEN,2020,14725558000
Bermuda,BMU,1990,5127916000
Bermuda,BMU,1995,5348359000
Bermuda,BMU,2000,6739895300
Bermuda,BMU,2005,7659759600
Bermuda,BMU,2010,7543951000
Bermuda,BMU,2015,6654541000
Bermuda,BMU,2020,6372686300
Bhutan,BTN,1990,478896640
Bhutan,BTN,1995,571764860
Bhutan,BTN,2000,751822850
Bhutan,BTN,2005,1080178000
Bhutan,BTN,2010,1668991700
Bhutan,BTN,2015,2187815700
Bhutan,BTN,2020,2380954400
Bolivia,BOL,1990,11974420000
Bolivia,BOL,1995,14637305000
Bolivia,BOL,2000,17334778000
Bolivia,BOL,2005,20183534000
Bolivia,BOL,2010,25266543000
Bolivia,BOL,2015,33000198000
Bolivia,BOL,2020,34855950000
Bosnia and Herzegovina,BIH,1990,3519825400
Bosnia and Herzegovina,BIH,1995,3763595300
Bosnia and Herzegovina,BIH,2000,10676418000
Bosnia and Herzegovina,BIH,2005,13177881000
Bosnia and Herzegovina,BIH,2010,15169816000
Bosnia and Herzegovina,BIH,2015,16404349000
Bosnia and Herzegovina,BIH,2020,18115912000
Botswana,BWA,1990,5274313700
Botswana,BWA,1995,6593587700
Botswana,BWA,2000,8491986000
Botswana,BWA,2005,10145482000
Botswana,BWA,2010,11354171000
Botswana,BWA,2015,13530749000
Botswana,BWA,2020,14796884000
Brazil,BRA,1990,917211100000
Brazil,BRA,1995,1066858840000
Brazil,BRA,2000,1186419000000
Brazil,BRA,2005,1368459300000
Brazil,BRA,2010,1703150200000
Brazil,BRA,2015,1802212200000
Brazil,BRA,2020,1760056600000
Brunei,BRN,1990,11278757000
Brunei,BRN,1995,11436538000
Brunei,BRN,2000,12244034000
Brunei,BRN,2005,13391973000
Brunei,BRN,2010,12994553000
Brunei,BRN,2015,12930297000
Brunei,BRN,2020,13429260000
Bulgaria,BGR,1990,38630990000
Bulgaria,BGR,1995,33839850000
Bulgaria,BGR,2000,30403690000
Bulgaria,BGR,2005,40103040000
Bulgaria,BGR,2010,47587370000
Bulgaria,BGR,2015,50811994000
Bulgaria,BGR,2020,55407583000
Burkina Faso,BFA,1990,3042310100
Burkina Faso,BFA,1995,3685636900
Burkina Faso,BFA,2000,5107828000
Burkina Faso,BFA,2005,6954815500
Burkina Faso,BFA,2010,9088721000
Burkina Faso,BFA,2015,11832159000
Burkina Faso,BFA,2020,15332395000
Burundi,BDI,1990,2385839000
Burundi,BDI,1995,2100894500
Burundi,BDI,2000,1955416600
Burundi,BDI,2005,2177787600
Burundi,BDI,2010,2717827600
Burundi,BDI,2015,3104003600
Burundi,BDI,2020,3218331100
Cambodia,KHM,1990,6077177000
Cambodia,KHM,1995,5218904600
Cambodia,KHM,2000,7459479600
Cambodia,KHM,2005,11642922000
Cambodia,KHM,2010,16760699000
Cambodia,KHM,2015,24174170000
Cambodia,KHM,2020,31922813000
Cameroon,CMR,1990,15416690000
Cameroon,CMR,1995,13868354000
Cameroon,CMR,2000,17168567000
Cameroon,CMR,2005,21594980000
Cameroon,CMR,2010,25389533000
Cameroon,CMR,2015,32210233000
Cameroon,CMR,2020,37599547000
Canada,CAN,1990,877824200000
Canada,CAN,1995,955122060000
Canada,CAN,2000,1163199600000
Canada,CAN,2005,1322152600000
Canada,CAN,2010,1399830500000
Canada,CAN,2015,1556508800000
Canada,CAN,2020,1611126100000
Cape Verde,CPV,1990,313527700
Cape Verde,CPV,1995,521911300
Cape Verde,CPV,2000,923550500
Cape Verde,CPV,2005,1219660500
Cape Verde,CPV,2010,1628564500
Cape Verde,CPV,2015,1749857700
Cape Verde,CPV,2020,1675762000
Cayman Islands,CYM,2010,4299956000
Cayman Islands,CYM,2015,4708167000
Cayman Islands,CYM,2020,5165012500
Central African Republic,CAF,1990,1492780700
Central African Republic,CAF,1995,1567392300
Central African Republic,CAF,2000,1675850400
Central African Republic,CAF,2005,1835473700
Central African Republic,CAF,2010,2332500000
Central African Republic,CAF,2015,1695825700
Central African Republic,CAF,2020,2004791600
Chad,TCD,1990,2501264400
Chad,TCD,1995,2755539000
Chad,TCD,2000,3133116400
Chad,TCD,2005,6826959000
Chad,TCD,2010,8653710000
Chad,TCD,2015,10950392000
Chad,TCD,2020,10357639000
Channel Islands,OWID_CIS,2010,10267130000
Channel Islands,OWID_CIS,2015,10109968000
Channel Islands,OWID_CIS,2020,9748142000
Chile,CHL,1990,71788870000
Chile,CHL,1995,104919120000
Chile,CHL,2000,131243745000
Chile,CHL,2005,165194940000
Chile,CHL,2010,200151860000
Chile,CHL,2015,242450350000
Chile,CHL,2020,245600600000
China,CHN,1990,1027379300000
China,CHN,1995,1831415000000
China,CHN,2000,2770113000000
China,CHN,2005,4420544000000
China,CHN,2010,7554112000000
China,CHN,2015,11061573000000
China,CHN,2020,14616413000000
Colombia,COL,1990,120488420000
Colombia,COL,1995,150011790000
Colombia,COL,2000,157016820000
Colombia,COL,2005,187780450000
Colombia,COL,2010,233479930000
Colombia,COL,2015,293492360000
Colombia,COL,2020,298309680000
Comoros,COM,1990,529042750
Comoros,COM,1995,549132860
Comoros,COM,2000,645253600
Comoros,COM,2005,723068100
Comoros,COM,2010,833349060
Comoros,COM,2015,966029630
Comoros,COM,2020,1090706700
Congo,COG,1990,5627089400
Congo,COG,1995,5753366500
Congo,COG,2000,6482377000
Congo,COG,2005,7910417400
Congo,COG,2010,10407333000
Congo,COG,2015,12434793000
Congo,COG,2020,9926500000
Costa Rica,CRI,1990,18845899000
Costa Rica,CRI,1995,24537080000
Costa Rica,CRI,2000,30425018000
Costa Rica,CRI,2005,36882480000
Costa Rica,CRI,2010,46858460000
Costa Rica,CRI,2015,56441920000
Costa Rica,CRI,2020,61631200000
Cote d'Ivoire,CIV,1990,22747083000
Cote d'Ivoire,CIV,1995,24468419000
Cote d'Ivoire,CIV,2000,30406072000
Cote d'Ivoire,CIV,2005,28732678000
Cote d'Ivoire,CIV,2010,34643520000
Cote d'Ivoire,CIV,2015,45815005000
Cote d'Ivoire,CIV,2020,59423700000
Croatia,HRV,1990,46596560000
Croatia,HRV,1995,33746817000
Croatia,HRV,2000,39678366000
Croatia,HRV,2005,49663193000
Croatia,HRV,2010,51396870000
Croatia,HRV,2015,51005202000
Croatia,HRV,2020,53017810000
Cuba,CUB,1990,52749218000
Cuba,CUB,1995,36587810000
Cuba,CUB,2000,45683565000
Cuba,CUB,2005,58366530000
Cuba,CUB,2010,75878940000
Cuba,CUB,2015,87132800000
Cuba,CUB,2020,81054460000
Curacao,CUW,2000,2881155300
Curacao,CUW,2005,2906280000
Curacao,CUW,2010,3079109400
Curacao,CUW,2015,3058779100
Curacao,CUW,2020,2308903000
Cyprus,CYP,1990,9942001000
Cyprus,CYP,1995,12661794000
Cyprus,CYP,2000,15534918000
Cyprus,CYP,2005,18929715000
Cyprus,CYP,2010,21640286000
Cyprus,CYP,2015,19909278000
Cyprus,CYP,2020,24433463000
Czechia,CZE,1990,122972960000
Czechia,CZE,1995,118281950000
Czechia,CZE,2000,128638860000
Czechia,CZE,2005,154676660000
Czechia,CZE,2010,174565800000
Czechia,CZE,2015,189107700000
Czechia,CZE,2020,205753470000
Democratic Republic of Congo,COD,1990,29404735000
Democratic Republic of Congo,COD,1995,20181817000
Democratic Republic of Congo,COD,2000,16528062000
Democratic Republic of Congo,COD,2005,19923853000
Democratic Republic of Congo,COD,2010,26093586000
Democratic Republic of Congo,COD,2015,37917710000
Democratic Republic of Congo,COD,2020,45259710000
Denmark,DNK,1990,202073830000
Denmark,DNK,1995,226754360000
Denmark,DNK,2000,263066800000
Denmark,DNK,2005,281892750000
Denmark,DNK,2010,284093780000
Denmark,DNK,2015,301758900000
Denmark,DNK,2020,326177000000
Djibouti,DJI,2015,2424391700
Djibouti,DJI,2020,3068599800
Dominica,DMA,1990,349473900
Dominica,DMA,1995,380503170
Dominica,DMA,2000,427263040
Dominica,DMA,2005,457719500
Dominica,DMA,2010,543005700
Dominica,DMA,2015,540737000
Dominica,DMA,2020,472749950
Dominican Republic,DOM,1990,19981326000
Dominican Republic,DOM,1995,26116602000
Dominican Republic,DOM,2000,35659264000
Dominican Republic,DOM,2005,42275324000
Dominican Republic,DOM,2010,55959425000
Dominican Republic,DOM,2015,71164830000
Dominican Republic,DOM,2020,83287065000
East Asia and Pacific (WB),,1990,6721306600000
East Asia and Pacific (WB),,1995,8510840500000
East Asia and Pacific (WB),,2000,10273110000000
East Asia and Pacific (WB),,2005,13032736000000
East Asia and Pacific (WB),,2010,17176377000000
East Asia and Pacific (WB),,2015,22000918000000
East Asia and Pacific (WB),,2020,26309598000000
East Timor,TLS,1990,481437150
East Timor,TLS,1995,741509950
East Timor,TLS,2000,832683800
East Timor,TLS,2005,914197060
East Timor,TLS,2010,1296604500
East Timor,TLS,2015,1590282400
East Timor,TLS,2020,2582939100
Ecuador,ECU,1990,41053840000
Ecuador,ECU,1995,47529075000
Ecuador,ECU,2000,50165494000
Ecuador,ECU,2005,63544590000
Ecuador,ECU,2010,75718230000
Ecuador,ECU,2015,97209560000
Ecuador,ECU,2020,93971276000
Egypt,EGY,1990,115166180000
Egypt,EGY,1995,136218680000
Egypt,EGY,2000,179683160000
Egypt,EGY,2005,213758160000
Egypt,EGY,2010,288446300000
Egypt,EGY,2015,329366570000
Egypt,EGY,2020,412213050000
El Salvador,SLV,1990,12679662000
El Salvador,SLV,1995,15980263000
El Salvador,SLV,2000,17621447000
El Salvador,SLV,2005,18997813000
El Salvador,SLV,2010,20622905000
El Salvador,SLV,2015,23438240000
El Salvador,SLV,2020,23744952000
Equatorial Guinea,GNQ,1990,173733390
Equatorial Guinea,GNQ,1995,352638300
Equatorial Guinea,GNQ,2000,2699948800
Equatorial Guinea,GNQ,2005,9674942000
Equatorial Guinea,GNQ,2010,13061295000
Equatorial Guinea,GNQ,2015,13185497000
Equatorial Guinea,GNQ,2020,9569759000
Eritrea,ERI,1995,1633788900
Eritrea,ERI,2000,1899038700
Eritrea,ERI,2005,2155038000
Eritrea,ERI,2010,2073049700
Estonia,EST,1990,14658008000
Estonia,EST,1995,10302025000
Estonia,EST,2000,13979307000
Estonia,EST,2005,19920093000
Estonia,EST,2010,19516678000
Estonia,EST,2015,23311847000
Estonia,EST,2020,26519902000
Eswatini,SWZ,1990,1774023200
Eswatini,SWZ,1995,2062447100
Eswatini,SWZ,2000,2373553000
Eswatini,SWZ,2005,2856716300
Eswatini,SWZ,2010,3360917800
Eswatini,SWZ,2015,3878174500
Eswatini,SWZ,2020,4225737500
Ethiopia,ETH,1990,13224508000
Ethiopia,ETH,1995,13896780000
Ethiopia,ETH,2000,17352575000
Ethiopia,ETH,2005,23704203000
Ethiopia,ETH,2010,39727088000
Ethiopia,ETH,2015,64589330000
Ethiopia,ETH,2020,95071770000
Europe and Central Asia (WB),,1990,13507866000000
Europe and Central Asia (WB),,1995,13799533000000
Europe and Central Asia (WB),,2000,15966174000000
Europe and Central Asia (WB),,2005,17894868000000
Europe and Central Asia (WB),,2010,19090094000000
Europe and Central Asia (WB),,2015,20583237000000
Europe and Central Asia (WB),,2020,21225512000000
European Union (27),,1990,9137082000000
European Union (27),,1995,9809786000000
European Union (27),,2000,11318534000000
European Union (27),,2005,12346863000000
European Union (27),,2010,12976296000000
European Union (27),,2015,13655089000000
European Union (27),,2020,14047262000000
Faeroe Islands,,2010,2059822200
Faeroe Islands,,2015,2573906000
Faeroe Islands,,2020,2854366700
Fiji,FJI,1990,2640835800
Fiji,FJI,1995,2999505700
Fiji,FJI,2000,3330747400
Fiji,FJI,2005,3754920700
Fiji,FJI,2010,3889636900
Fiji,FJI,2015,4682480000
Fiji,FJI,2020,4327209000
Finland,FIN,1990,156033020000
Finland,FIN,1995,152674520000
Finland,FIN,2000,196036510000
Finland,FIN,2005,223113050000
Finland,FIN,2010,233609050000
Finland,FIN,2015,233210740000
Finland,FIN,2020,247120690000
France,FRA,1990,1630899000000
France,FRA,1995,1749300300000
France,FRA,2000,2025858500000
France,FRA,2005,2207920400000
France,FRA,2010,2313515400000
France,FRA,2015,2442483500000
France,FRA,2020,2413981900000
French Polynesia,PYF,1990,5164115000
French Polynesia,PYF,1995,5099757000
French Polynesia,PYF,2000,5414653400
French Polynesia,PYF,2005,5628934700
French Polynesia,PYF,2010,5395392500
French Polynesia,PYF,2015,5325846500
French Polynesia,PYF,2020,5531635700
Gabon,GAB,1990,8218372600
Gabon,GAB,1995,9564091000
Gabon,GAB,2000,9689372000
Gabon,GAB,2005,10435048000
Gabon,GAB,2010,11147389000
Gabon,GAB,2015,14383108000
Gabon,GAB,2020,15176119000
Gambia,GMB,1990,694740030
Gambia,GMB,1995,770748600
Gambia,GMB,2000,960226300
Gambia,GMB,2005,1098037800
Gambia,GMB,2010,1350595600
Gambia,GMB,2015,1378176600
Gambia,GMB,2020,1687449600
Georgia,GEO,1990,16970423000
Georgia,GEO,1995,4795034000
Georgia,GEO,2000,6365211600
Georgia,GEO,2005,9059975000
Georgia,GEO,2010,11701134000
Georgia,GEO,2015,15223796000
Georgia,GEO,2020,17346402000
Germany,DEU,1990,2362949200000
Germany,DEU,1995,2612945700000
Germany,DEU,2000,2884562600000
Germany,DEU,2005,2969464700000
Germany,DEU,2010,3149838000000
Germany,DEU,2015,3423568400000
Germany,DEU,2020,3522914700000
Ghana,GHA,1990,13167341000
Ghana,GHA,1995,16238738000
Ghana,GHA,2000,20062001000
Ghana,GHA,2005,25650719000
Ghana,GHA,2010,35164856000
Ghana,GHA,2015,49406010000
Ghana,GHA,2020,62786036000
Greece,GRC,1990,157426170000
Greece,GRC,1995,167488450000
Greece,GRC,2000,194535950000
Greece,GRC,2005,240408220000
Greece,GRC,2010,239639600000
Greece,GRC,2015,194567370000
Greece,GRC,2020,187085880000
Greenland,GRL,1990,1490388600
Greenland,GRL,1995,1474041600
Greenland,GRL,2000,1776741600
Greenland,GRL,2005,2088478600
Greenland,GRL,2010,2458184000
Greenland,GRL,2015,2499113000
Greenland,GRL,2020,2713483800
Grenada,GRD,1990,510049760
Grenada,GRD,1995,522070750
Grenada,GRD,2000,717463940
Grenada,GRD,2005,895749000
Grenada,GRD,2010,855944000
Grenada,GRD,2015,997007400
Grenada,GRD,2020,978809800
Guam,GUM,2005,5345211000
Guam,GUM,2010,5435969000
Guam,GUM,2015,5799000000
Guam,GUM,2020,5332547000
Guatemala,GTM,1990,24741759000
Guatemala,GTM,1995,30509435000
Guatemala,GTM,2000,37033783000
Guatemala,GTM,2005,42990370000
Guatemala,GTM,2010,51426470000
Guatemala,GTM,2015,62186066000
Guatemala,GTM,2020,69530650000
Guinea,GIN,1990,3528427500
Guinea,GIN,1995,4271765200
Guinea,GIN,2000,5176460000
Guinea,GIN,2005,6022369300
Guinea,GIN,2010,7025019000
Guinea,GIN,2015,8794202000
Guinea,GIN,2020,12643402000
Guinea-Bissau,GNB,1990,554182850
Guinea-Bissau,GNB,1995,647758140
Guinea-Bissau,GNB,2000,705153200
Guinea-Bissau,GNB,2005,823345300
Guinea-Bissau,GNB,2010,980382900
Guinea-Bissau,GNB,2015,1152384100
Guinea-Bissau,GNB,2020,1413547800
Guyana,GUY,1990,1782661500
Guyana,GUY,1995,2512274000
Guyana,GUY,2000,2875468500
Guyana,GUY,2005,2943164400
Guyana,GUY,2010,3641452500
Guyana,GUY,2015,4279840300
Guyana,GUY,2020,7275896300
Haiti,HTI,1990,11154318000
Haiti,HTI,1995,9847455000
Haiti,HTI,2000,11150259000
Haiti,HTI,2005,11818918000
Haiti,HTI,2010,12916662000
Haiti,HTI,2015,14849629000
Haiti,HTI,2020,14973407000
High-income countries,,1990,29273404000000
High-income countries,,1995,32024646000000
High-income countries,,2000,37837830000000
High-income countries,,2005,42612340000000
High-income countries,,2010,45362090000000
High-income countries,,2015,49875505000000
High-income countries,,2020,52182340000000
Honduras,HND,1990,8615405000
Honduras,HND,1995,10012795000
Honduras,HND,2000,11770780000
Honduras,HND,2005,14776156000
Honduras,HND,2010,17639230000
Honduras,HND,2015,20979792000
Honduras,HND,2020,22156261000
Hong Kong,HKG,1990,121833070000
Hong Kong,HKG,1995,157719840000
Hong Kong,HKG,2000,179510300000
Hong Kong,HKG,2005,220757230000
Hong Kong,HKG,2010,267552010000
Hong Kong,HKG,2015,309385630000
Hong Kong,HKG,2020,310097380000
Hungary,HUN,1990,89359794000
Hungary,HUN,1995,79280775000
Hungary,HUN,2000,91568890000
Hungary,HUN,2005,113768140000
Hungary,HUN,2010,113077420000
Hungary,HUN,2015,125174170000
Hungary,HUN,2020,140770790000
Iceland,ISL,1990,9025210000
Iceland,ISL,1995,9144289000
Iceland,ISL,2000,11859726000
Iceland,ISL,2005,14495684000
Iceland,ISL,2010,15327573000
Iceland,ISL,2015,17517210000
Iceland,ISL,2020,19291245000
India,IND,1990,465242850000
India,IND,1995,596058830000
India,IND,2000,800534500000
India,IND,2005,1094324300000
India,IND,2010,1535897900000
India,IND,2015,2103588400000
India,IND,2020,2533830400000
Indonesia,IDN,1990,269915110000
Indonesia,IDN,1995,380895170000
Indonesia,IDN,2000,395012370000
Indonesia,IDN,2005,497631800000
Indonesia,IDN,2010,657835400000
Indonesia,IDN,2015,860854200000
Indonesia,IDN,2020,1027656200000
Iran,IRN,1990,188112390000
Iran,IRN,1995,217232540000
Iran,IRN,2000,258056540000
Iran,IRN,2005,334028050000
Iran,IRN,2010,406386740000
Iran,IRN,2015,409191680000
Iran,IRN,2020,449842280000
Iraq,IRQ,1990,62001517000
Iraq,IRQ,1995,40841437000
Iraq,IRQ,2000,101916220000
Iraq,IRQ,2005,94053180000
Iraq,IRQ,2010,120516346000
Iraq,IRQ,2015,166774110000
Iraq,IRQ,2020,177479300000
Ireland,IRL,1990,82512720000
Ireland,IRL,1995,103488970000
Ireland,IRL,2000,162266450000
Ireland,IRL,2005,210490000000
Ireland,IRL,2010,214511300000
Ireland,IRL,2015,302391430000
Ireland,IRL,2020,407759850000
Isle of Man,IMN,1990,1932573000
Isle of Man,IMN,1995,2202807300
Isle of Man,IMN,2000,3501118000
Isle of Man,IMN,2005,4627958300
Isle of Man,IMN,2010,5933833700
Isle of Man,IMN,2015,7084801000
Isle of Man,IMN,2020,7279528000
Israel,ISR,1990,103952620000
Israel,ISR,1995,143885710000
Israel,ISR,2000,184596460000
Israel,ISR,2005,204428480000
Israel,ISR,2010,252438040000
Israel,ISR,2015,302722650000
Israel,ISR,2020,350634480000
Italy,ITA,1990,1566879100000
Italy,ITA,1995,1671695600000
Italy,ITA,2000,1856863200000
Italy,ITA,2005,1943213600000
Italy,ITA,2010,1909947200000
Italy,ITA,2015,1845428100000
Italy,ITA,2020,1751650900000
Jamaica,JAM,1990,10772517000
Jamaica,JAM,1995,13073366000
Jamaica,JAM,2000,12852232000
Jamaica,JAM,2005,14079347000
Jamaica,JAM,2010,13739177000
Jamaica,JAM,2015,14188937000
Jamaica,JAM,2020,13452616000
Japan,JPN,1990,3509518000000
Japan,JPN,1995,3785636200000
Japan,JPN,2000,3986755400000
Japan,JPN,2005,4229100700000
Japan,JPN,2010,4218907800000
Japan,JPN,2015,4444930400000
Japan,JPN,2020,4375044200000
Jordan,JOR,1990,11598569000
Jordan,JOR,1995,15697538000
Jordan,JOR,2000,18380669000
Jordan,JOR,2005,25032514000
Jordan,JOR,2010,33723826000
Jordan,JOR,2015,38587020000
Jordan,JOR,2020,41362612000
Kazakhstan,KAZ,1990,95326490000
Kazakhstan,KAZ,1995,58532024000
Kazakhstan,KAZ,2000,66179326000
Kazakhstan,KAZ,2005,108382180000
Kazakhstan,KAZ,2010,146559480000
Kazakhstan,KAZ,2015,184388400000
Kazakhstan,KAZ,2020,205829260000
Kenya,KEN,1990,30431960000
Kenya,KEN,1995,32929841000
Kenya,KEN,2000,36630910000
Kenya,KEN,2005,43795116000
Kenya,KEN,2010,55748930000
Kenya,KEN,2015,70120450000
Kenya,KEN,2020,84035140000
Kiribati,KIR,1990,103872760
Kiribati,KIR,1995,127250824
Kiribati,KIR,2000,137844750
Kiribati,KIR,2005,134209650
Kiribati,KIR,2010,144444530
Kiribati,KIR,2015,191559400
Kiribati,KIR,2020,226144100
Kosovo,OWID_KOS,2010,5048966000
Kosovo,OWID_KOS,2015,6295848400
Kosovo,OWID_KOS,2020,7144396300
Kuwait,KWT,1990,33933574000
Kuwait,KWT,1995,55753670000
Kuwait,KWT,2000,61264445000
Kuwait,KWT,2005,90480880000
Kuwait,KWT,2010,95861250000
Kuwait,KWT,2015,114585560000
Kuwait,KWT,2020,112389456000
Kyrgyzstan,KGZ,1990,5284730000
Kyrgyzstan,KGZ,1995,2678346200
Kyrgyzstan,KGZ,2000,3518703400
Kyrgyzstan,KGZ,2005,4237027800
Kyrgyzstan,KGZ,2010,5263492000
Kyrgyzstan,KGZ,2015,6678177300
Kyrgyzstan,KGZ,2020,7354380000
Laos,LAO,1990,2736044500
Laos,LAO,1995,3693284400
Laos,LAO,2000,4981660000
Laos,LAO,2005,6742212600
Laos,LAO,2010,9912448000
Laos,LAO,2015,14426380000
Laos,LAO,2020,18584865000
Latin America and Caribbean (WB),,1990,2605185000000
Latin America and Caribbean (WB),,1995,3046880800000
Latin America and Caribbean (WB),,2000,3585255000000
Latin America and Caribbean (WB),,2005,4062989000000
Latin America and Caribbean (WB),,2010,4842025000000
Latin America and Caribbean (WB),,2015,5420625000000
Latin America and Caribbean (WB),,2020,5258223300000
Latvia,LVA,1990,20300397000
Latvia,LVA,1995,11584507000
Latvia,LVA,2000,15001703000
Latvia,LVA,2005,22625890000
Latvia,LVA,2010,22026146000
Latvia,LVA,2015,26344567000
Latvia,LVA,2020,28318077000
Lebanon,LBN,1990,9896526000
Lebanon,LBN,1995,21951291000
Lebanon,LBN,2000,25798443000
Lebanon,LBN,2005,31329923000
Lebanon,LBN,2010,45147470000
Lebanon,LBN,2015,49929340000
Lebanon,LBN,2020,36728170000
Lesotho,LSO,1990,966060900
Lesotho,LSO,1995,1252351700
Lesotho,LSO,2000,1453365200
Lesotho,LSO,2005,1667849700
Lesotho,LSO,2010,1986735700
Lesotho,LSO,2015,2359686700
Lesotho,LSO,2020,2112391200
Liberia,LBR,1990,1676942800
Liberia,LBR,1995,468741920
Liberia,LBR,2000,2210291700
Liberia,LBR,2005,1781443500
Liberia,LBR,2010,2523750000
Liberia,LBR,2015,3227075600
Liberia,LBR,2020,3115556400
Libya,LBY,1990,49279672000
Libya,LBY,1995,53186646000
Libya,LBY,2000,57579667000
Libya,LBY,2005,73990150000
Libya,LBY,2010,83912660000
Libya,LBY,2015,48717500000
Libya,LBY,2020,42996650000
Liechtenstein,LIE,2015,6268515300
Lithuania,LTU,1990,30815380000
Lithuania,LTU,1995,17870050000
Lithuania,LTU,2000,22342117000
Lithuania,LTU,2005,32204827000
Lithuania,LTU,2010,33711178000
Lithuania,LTU,2015,41540956000
Lithuania,LTU,2020,49023107000
Low-income countries,,1990,172250050000
Low-income countries,,1995,187901760000
Low-income countries,,2000,232384870000
Low-income countries,,2005,301600740000
Low-income countries,,2010,398591000000
Low-income countries,,2015,417756940000
Low-income countries,,2020,475602780000
Lower-middle-income countries,,1990,1447057300000
Lower-middle-income countries,,1995,1714050600000
Lower-middle-income countries,,2000,2175258700000
Lower-middle-income countries,,2005,2871957700000
Lower-middle-income countries,,2010,3888776200000
Lower-middle-income countries,,2015,5089666000000
Lower-middle-income countries,,2020,6002516000000
Luxembourg,LUX,1990,25212439000
Luxembourg,LUX,1995,30604417000
Luxembourg,LUX,2000,40369840000
Luxembourg,LUX,2005,47084245000
Luxembourg,LUX,2010,54012830000
Luxembourg,LUX,2015,60071584000
Luxembourg,LUX,2020,65951937000
Macao,MAC,1990,10507336000
Macao,MAC,1995,13978374000
Macao,MAC,2000,13677258000
Macao,MAC,2005,23416613000
Macao,MAC,2010,39823294000
Macao,MAC,2015,45048190000
Macao,MAC,2020,23271041000
Madagascar,MDG,1990,6492399000
Madagascar,MDG,1995,6386837500
Madagascar,MDG,2000,7688843000
Madagascar,MDG,2005,8640170000
Madagascar,MDG,2010,9925207000
Madagascar,MDG,2015,11323020000
Madagascar,MDG,2020,12245161000
Malawi,MWI,1990,3377048600
Malawi,MWI,1995,3910634200
Malawi,MWI,2000,4736774000
Malawi,MWI,2005,5267854000
Malawi,MWI,2010,7533157400
Malawi,MWI,2015,9219474000
Malawi,MWI,2020,10928177000
Malaysia,MYS,1990,74627555000
Malaysia,MYS,1995,117335050000
Malaysia,MYS,2000,148271370000
Malaysia,MYS,2005,186898780000
Malaysia,MYS,2010,232654030000
Malaysia,MYS,2015,301355270000
Malaysia,MYS,2020,344706480000
Maldives,MDV,1990,1031716800
Maldives,MDV,1995,1434670100
Maldives,MDV,2000,1988057600
Maldives,MDV,2005,2188925400
Maldives,MDV,2010,3099261700
Maldives,MDV,2015,4129505300
Maldives,MDV,2020,3685592000
Mali,MLI,1990,4198817500
Mali,MLI,1995,4906876400
Mali,MLI,2000,6257621000
Mali,MLI,2005,8788718000
Mali,MLI,2010,11009110000
Mali,MLI,2015,13104764000
Mali,MLI,2020,15830714000
Malta,MLT,1990,3565676500
Malta,MLT,1995,4656114700
Malta,MLT,2000,6701026000
Malta,MLT,2005,7318804000
Malta,MLT,2010,8601292000
Malta,MLT,2015,11340795000
Malta,MLT,2020,14359896000
Marshall Islands,MHL,1990,140496540
Marshall Islands,MHL,1995,182986300
Marshall Islands,MHL,2000,154176500
Marshall Islands,MHL,2005,170500000
Marshall Islands,MHL,2010,179100000
Marshall Islands,MHL,2015,183700000
Marshall Islands,MHL,2020,220900000
Mauritania,MRT,1990,2806313500
Mauritania,MRT,1995,3279935200
Mauritania,MRT,2000,3409611300
Mauritania,MRT,2005,4169149200
Mauritania,MRT,2010,4951459300
Mauritania,MRT,2015,6166864000
Mauritania,MRT,2020,7145411600
Mauritius,MUS,1990,4034441700
Mauritius,MUS,1995,5121487400
Mauritius,MUS,2000,6730792000
Mauritius,MUS,2005,7950333400
Mauritius,MUS,2010,10017524000
Mauritius,MUS,2015,12007291000
Mauritius,MUS,2020,11853530000
Mexico,MEX,1990,665614200000
Mexico,MEX,1995,724232000000
Mexico,MEX,2000,945027000000
Mexico,MEX,2005,1004311740000
Mexico,MEX,2010,1066822400000
Mexico,MEX,2015,1213294400000
Mexico,MEX,2020,1170944000000
Micronesia (country),FSM,1990,243162530
Micronesia (country),FSM,1995,312739070
Micronesia (country),FSM,2000,310899140
Micronesia (country),FSM,2005,320824420
Micronesia (country),FSM,2010,317470530
Micronesia (country),FSM,2015,316489900
Micronesia (country),FSM,2020,327183170
Middle East and North Africa (WB),,1990,1223759400000
Middle East and North Africa (WB),,1995,1441601600000
Middle East and North Africa (WB),,2000,1807925600000
Middle East and North Africa (WB),,2005,2228257000000
Middle East and North Africa (WB),,2010,2754085000000
Middle East and North Africa (WB),,2015,3202944300000
Middle East and North Africa (WB),,2020,3409074200000
Middle-income countries,,1990,6480810000000
Middle-income countries,,1995,8040658000000
Middle-income countries,,2000,10199161000000
Middle-income countries,,2005,13545385000000
Middle-income countries,,2010,19020722000000
Middle-income countries,,2015,24920281000000
Middle-income countries,,2020,29735728000000
Moldova,MDA,1990,11137693000
Moldova,MDA,1995,4465115000
Moldova,MDA,2000,3939281200
Moldova,MDA,2005,5545249300
Moldova,MDA,2010,6496144400
Moldova,MDA,2015,7797667300
Moldova,MDA,2020,8403211000
Monaco,MCO,1990,3214255600
Monaco,MCO,1995,3404007700
Monaco,MCO,2000,3909416000
Monaco,MCO,2005,4259876000
Monaco,MCO,2010,4703003600
Monaco,MCO,2015,6264756700
Monaco,MCO,2020,6136054300
Mongolia,MNG,1990,3826905900
Mongolia,MNG,1995,3335782100
Mongolia,MNG,2000,3817249000
Mongolia,MNG,2005,5225662000
Mongolia,MNG,2010,7152386000
Mongolia,MNG,2015,11619892000
Mongolia,MNG,2020,13528525000
Montenegro,MNE,2000,2680896800
Montenegro,MNE,2005,3079410700
Montenegro,MNE,2010,3705541600
Montenegro,MNE,2015,4054730000
Montenegro,MNE,2020,4048142000
Morocco,MAR,1990,41636516000
Morocco,MAR,1995,45380874000
Morocco,MAR,2000,56160910000
Morocco,MAR,2005,71896760000
Morocco,MAR,2010,90971310000
Morocco,MAR,2015,110413820000
Morocco,MAR,2020,114775950000
Mozambique,MOZ,1990,2894534100
Mozambique,MOZ,1995,3385009000
Mozambique,MOZ,2000,5210292000
Mozambique,MOZ,2005,7953295000
Mozambique,MOZ,2010,11365368000
Mozambique,MOZ,2015,16208986000
Mozambique,MOZ,2020,18217912000
Myanmar,MMR,1990,6778227700
Myanmar,MMR,1995,9001044000
Myanmar,MMR,2000,13523413000
Myanmar,MMR,2005,24767550000
Myanmar,MMR,2010,41912537000
Myanmar,MMR,2015,59607290000
Myanmar,MMR,2020,68991130000
Namibia,NAM,1990,3912561200
Namibia,NAM,1995,4718971000
Namibia,NAM,2000,5607974000
Namibia,NAM,2005,7134269000
Namibia,NAM,2010,8787637000
Namibia,NAM,2015,11335161000
Namibia,NAM,2020,10335185000
Nauru,NRU,1990,199589660
Nauru,NRU,1995,100527610
Nauru,NRU,2000,61929810
Nauru,NRU,2005,49706056
Nauru,NRU,2010,47512732
Nauru,NRU,2015,84383390
Nauru,NRU,2020,90459210
Nepal,NPL,1990,8253520000
Nepal,NPL,1995,10627560000
Nepal,NPL,2000,13432367000
Nepal,NPL,2005,15869605000
Nepal,NPL,2010,19720798000
Nepal,NPL,2015,24360802000
Nepal,NPL,2020,29880070000
Netherlands,NLD,1990,468115520000
Netherlands,NLD,1995,524315400000
Netherlands,NLD,2000,647616400000
Netherlands,NLD,2005,692147600000
Netherlands,NLD,2010,742031400000
Netherlands,NLD,2015,775743700000
Netherlands,NLD,2020,821260600000
New Caledonia,NCL,2015,8738203000
New Zealand,NZL,1990,87877230000
New Zealand,NZL,1995,102912460000
New Zealand,NZL,2000,119003046000
New Zealand,NZL,2005,145185600000
New Zealand,NZL,2010,153980040000
New Zealand,NZL,2015,178104220000
New Zealand,NZL,2020,201554250000
Nicaragua,NIC,1990,5248474600
Nicaragua,NIC,1995,5732958000
Nicaragua,NIC,2000,7324900400
Nicaragua,NIC,2005,8555336700
Nicaragua,NIC,2010,9778793000
Nicaragua,NIC,2015,12756686000
Nicaragua,NIC,2020,12866533000
Niger,NER,1990,3860672800
Niger,NER,1995,4104613400
Niger,NER,2000,4522117600
Niger,NER,2005,5601396700
Niger,NER,2010,7299346400
Niger,NER,2015,9683868000
Niger,NER,2020,12646097000
Nigeria,NGA,1990,153178750000
Nigeria,NGA,1995,154601400000
Nigeria,NGA,2000,179675450000
Nigeria,NGA,2005,273974100000
Nigeria,NGA,2010,385856080000
Nigeria,NGA,2015,493026670000
Nigeria,NGA,2020,500232320000
North America (WB),,1990,10668190000000
North America (WB),,1995,12067145000000
North America (WB),,2000,14887619000000
North America (WB),,2005,16888635000000
North America (WB),,2010,17746470000000
North America (WB),,2015,19858182000000
North America (WB),,2020,21341078000000
North Macedonia,MKD,1990,7293742600
North Macedonia,MKD,1995,5747928000
North Macedonia,MKD,2000,6653275600
North Macedonia,MKD,2005,7334621000
North Macedonia,MKD,2010,8918648000
North Macedonia,MKD,2015,10064520000
North Macedonia,MKD,2020,10661069000
Northern Mariana Islands,MNP,2005,1364448500
Northern Mariana Islands,MNP,2010,881321200
Northern Mariana Islands,MNP,2015,910000000
Northern Mariana Islands,MNP,2020,732412100
Norway,NOR,1990,211808370000
Norway,NOR,1995,254491510000
Norway,NOR,2000,304696820000
Norway,NOR,2005,339924030000
Norway,NOR,2010,355959050000
Norway,NOR,2015,388159500000
Norway,NOR,2020,405005630000
Oman,OMN,1990,29333594000
Oman,OMN,1995,39015010000
Oman,OMN,2000,45372727000
Oman,OMN,2005,48283566000
Oman,OMN,2010,62776156000
Oman,OMN,2015,78710790000
Oman,OMN,2020,80246670000
Pakistan,PAK,1990,110450560000
Pakistan,PAK,1995,138480550000
Pakistan,PAK,2000,162552200000
Pakistan,PAK,2005,210760290000
Pakistan,PAK,2010,250382680000
Pakistan,PAK,2015,299963580000
Pakistan,PAK,2020,358614070000
Palau,PLW,1990,213364900
Palau,PLW,1995,218638480
Palau,PLW,2000,232062080
Palau,PLW,2005,269985440
Palau,PLW,2010,238325090
Palau,PLW,2015,278824770
Palau,PLW,2020,253220020
Palestine,PSE,1995,5417700000
Palestine,PSE,2000,7118400000
Palestine,PSE,2005,8740100000
Palestine,PSE,2010,11082400000
Palestine,PSE,2015,13972400000
Palestine,PSE,2020,14037400000
Panama,PAN,1990,13096161000
Panama,PAN,1995,17111478000
Panama,PAN,2000,20639540000
Panama,PAN,2005,26291749000
Panama,PAN,2010,38818330000
Panama,PAN,2015,55767806000
Panama,PAN,2020,54297227000
Papua New Guinea,PNG,1990,7373337600
Papua New Guinea,PNG,1995,11134195000
Papua New Guinea,PNG,2000,11016425000
Papua New Guinea,PNG,2005,12260199000
Papua New Guinea,PNG,2010,16339628000
Papua New Guinea,PNG,2015,21723437000
Papua New Guinea,PNG,2020,23936790000
Paraguay,PRY,1990,16384218000
Paraguay,PRY,1995,20358107000
Paraguay,PRY,2000,20783434000
Paraguay,PRY,2005,22845401000
Paraguay,PRY,2010,29786096000
Paraguay,PRY,2015,36211450000
Paraguay,PRY,2020,40343536000
Peru,PER,1990,59592280000
Peru,PER,1995,76917830000
Peru,PER,2000,87409380000
Peru,PER,2005,107771740000
Peru,PER,2010,150298890000
Peru,PER,2015,189802970000
Peru,PER,2020,191509020000
Philippines,PHL,1990,107109106000
Philippines,PHL,1995,119491850000
Philippines,PHL,2000,142796010000
Philippines,PHL,2005,179365760000
Philippines,PHL,2010,228621780000
Philippines,PHL,2015,306445880000
Philippines,PHL,2020,358510620000
Poland,POL,1990,194797370000
Poland,POL,1995,218906800000
Poland,POL,2000,283174170000
Poland,POL,2005,328168500000
Poland,POL,2010,411181650000
Poland,POL,2015,480054100000
Poland,POL,2020,566121000000
Portugal,PRT,1990,145687640000
Portugal,PRT,1995,158530880000
Portugal,PRT,2000,193677430000
Portugal,PRT,2005,202207120000
Portugal,PRT,2010,208276140000
Portugal,PRT,2015,199038520000
Portugal,PRT,2020,203663020000
Puerto Rico,PRI,1990,66260900000
Puerto Rico,PRI,1995,80794080000
Puerto Rico,PRI,2000,99578585000
Puerto Rico,PRI,2005,113934740000
Puerto Rico,PRI,2010,106406130000
Puerto Rico,PRI,2015,103375500000
Puerto Rico,PRI,2020,92359440000
Qatar,QAT,1990,17662218000
Qatar,QAT,1995,19815324000
Qatar,QAT,2000,33690630000
Qatar,QAT,2005,49868497000
Qatar,QAT,2010,116951900000
Qatar,QAT,2015,161739950000
Qatar,QAT,2020,161416820000
Romania,ROU,1990,116460150000
Romania,ROU,1995,103718340000
Romania,ROU,2000,102548870000
Romania,ROU,2005,134912890000
Romania,ROU,2010,155105350000
Romania,ROU,2015,177885130000
Romania,ROU,2020,210305500000
Russia,RUS,1990,1161488600000
Russia,RUS,1995,721499000000
Russia,RUS,2000,780432900000
Russia,RUS,2005,1051043560000
Russia,RUS,2010,1250664300000
Russia,RUS,2015,1363482200000
Russia,RUS,2020,1422766800000
Rwanda,RWA,1990,2715732500
Rwanda,RWA,1995,1732806400
Rwanda,RWA,2000,2738155500
Rwanda,RWA,2005,4038589200
Rwanda,RWA,2010,6018965000
Rwanda,RWA,2015,8543760000
Rwanda,RWA,2020,10797493000
Saint Kitts and Nevis,KNA,1990,409858660
Saint Kitts and Nevis,KNA,1995,497050240
Saint Kitts and Nevis,KNA,2000,635237950
Saint Kitts and Nevis,KNA,2005,743018300
Saint Kitts and Nevis,KNA,2010,828615300
Saint Kitts and Nevis,KNA,2015,957222200
Saint Kitts and Nevis,KNA,2020,885254140
Saint Lucia,LCA,1990,1160541700
Saint Lucia,LCA,1995,1307567500
Saint Lucia,LCA,2000,1459101400
Saint Lucia,LCA,2005,1576341600
Saint Lucia,LCA,2010,1741759900
Saint Lucia,LCA,2015,1807629600
Saint Lucia,LCA,2020,1493611900
Saint Vincent and the Grenadines,VCT,1990,422757100
Saint Vincent and the Grenadines,VCT,1995,504611870
Saint Vincent and the Grenadines,VCT,2000,574859140
Saint Vincent and the Grenadines,VCT,2005,701466560
Saint Vincent and the Grenadines,VCT,2010,733566600
Saint Vincent and the Grenadines,VCT,2015,786555600
Saint Vincent and the Grenadines,VCT,2020,830825660
Samoa,WSM,1990,428373060
Samoa,WSM,1995,452035070
Samoa,WSM,2000,535129950
Samoa,WSM,2005,702248700
Samoa,WSM,2010,787756860
Samoa,WSM,2015,824150500
Samoa,WSM,2020,907771600
San Marino,SMR,2000,1495569700
San Marino,SMR,2005,1761803100
San Marino,SMR,2010,1652610700
San Marino,SMR,2015,1419401100
San Marino,SMR,2020,1408423300
Sao Tome and Principe,STP,1990,118982020
Sao Tome and Principe,STP,1995,127790290
Sao Tome and Principe,STP,2000,138248380
Sao Tome and Principe,STP,2005,176048750
Sao Tome and Principe,STP,2010,221134910
Sao Tome and Principe,STP,2015,259999650
Sao Tome and Principe,STP,2020,311114940
Saudi Arabia,SAU,1990,271021310000
Saudi Arabia,SAU,1995,311804330000
Saudi Arabia,SAU,2000,353688940000
Saudi Arabia,SAU,2005,441218000000
Saudi Arabia,SAU,2010,514391970000
Saudi Arabia,SAU,2015,669484250000
Saudi Arabia,SAU,2020,692413100000
Senegal,SEN,1990,7649320400
Senegal,SEN,1995,8501672000
Senegal,SEN,2000,10450472000
Senegal,SEN,2005,12573061000
Senegal,SEN,2010,14575383000
Senegal,SEN,2015,17774766000
Senegal,SEN,2020,22863415000
Serbia,SRB,1995,22980130000
Serbia,SRB,2000,26625556000
Serbia,SRB,2005,35783690000
Serbia,SRB,2010,41493398000
Serbia,SRB,2015,41297412000
Serbia,SRB,2020,47265680000
Seychelles,SYC,1990,610261200
Seychelles,SYC,1995,707015700
Seychelles,SYC,2000,949537200
Seychelles,SYC,2005,936072640
Seychelles,SYC,2010,1105388000
Seychelles,SYC,2015,1432403300
Seychelles,SYC,2020,1678615800
Sierra Leone,SLE,1990,3718634500
Sierra Leone,SLE,1995,2818854000
Sierra Leone,SLE,2000,2872713700
Sierra Leone,SLE,2005,4141085000
Sierra Leone,SLE,2010,5410973700
Sierra Leone,SLE,2015,6651626500
Sierra Leone,SLE,2020,7911679000
Singapore,SGP,1990,70914990000
Singapore,SGP,1995,107074130000
Singapore,SGP,2000,140533300000
Singapore,SGP,2005,178302400000
Singapore,SGP,2010,247501100000
Singapore,SGP,2015,307998560000
Singapore,SGP,2020,336283370000
Sint Maarten (Dutch part),SXM,2010,1297793400
Sint Maarten (Dutch part),SXM,2015,1417888800
Sint Maarten (Dutch part),SXM,2020,1185966800
Slovakia,SVK,1990,45559570000
Slovakia,SVK,1995,41585644000
Slovakia,SVK,2000,48483455000
Slovakia,SVK,2005,61315330000
Slovakia,SVK,2010,78694080000
Slovakia,SVK,2015,89178550000
Slovakia,SVK,2020,96969820000
Slovenia,SVN,1990,27206132000
Slovenia,SVN,1995,26423000000
Slovenia,SVN,2000,32113424000
Slovenia,SVN,2005,38213607000
Slovenia,SVN,2010,41881477000
Slovenia,SVN,2015,42709467000
Slovenia,SVN,2020,47959974000
Solomon Islands,SLB,1990,598487300
Solomon Islands,SLB,1995,884883600
Solomon Islands,SLB,2000,769821300
Solomon Islands,SLB,2005,848157100
Solomon Islands,SLB,2010,1097356800
Solomon Islands,SLB,2015,1307909900
Solomon Islands,SLB,2020,1437359500
Somalia,SOM,1990,1837281400
Somalia,SOM,1995,1537774200
Somalia,SOM,2000,2059706600
Somalia,SOM,2005,2932027600
Somalia,SOM,2010,4046018000
Somalia,SOM,2015,6152149000
Somalia,SOM,2020,7710043000
South Africa,ZAF,1990,185160420000
South Africa,ZAF,1995,193189970000
South Africa,ZAF,2000,221691970000
South Africa,ZAF,2005,267546870000
South Africa,ZAF,2010,311653600000
South Africa,ZAF,2015,346709800000
South Africa,ZAF,2020,337307300000
South Asia (WB),,1990,664758260000
South Asia (WB),,1995,847425300000
South Asia (WB),,2000,1106736000000
South Asia (WB),,2005,1485964600000
South Asia (WB),,2010,2032280400000
South Asia (WB),,2015,2733651800000
South Asia (WB),,2020,3308577600000
South Korea,KOR,1990,401560540000
South Korea,KOR,1995,604747140000
South Korea,KOR,2000,798929100000
South Korea,KOR,2005,1021377700000
South Korea,KOR,2010,1261430500000
South Korea,KOR,2015,1466038900000
South Korea,KOR,2020,1626525700000
South Sudan,SSD,2010,22367648000
South Sudan,SSD,2015,11997800000
Spain,ESP,1990,745272000000
Spain,ESP,1995,803137000000
Spain,ESP,2000,977964700000
Spain,ESP,2005,1147835600000
Spain,ESP,2010,1200112000000
Spain,ESP,2015,1206164800000
Spain,ESP,2020,1187633200000
Sri Lanka,LKA,1990,22720369000
Sri Lanka,LKA,1995,29548935000
Sri Lanka,LKA,2000,37777690000
Sri Lanka,LKA,2005,45892290000
Sri Lanka,LKA,2010,62528610000
Sri Lanka,LKA,2015,85140955000
Sri Lanka,LKA,2020,92711880000
Sub-Saharan Africa (WB),,1990,660205200000
Sub-Saharan Africa (WB),,1995,682032300000
Sub-Saharan Africa (WB),,2000,808785800000
Sub-Saharan Africa (WB),,2005,1053847900000
Sub-Saharan Africa (WB),,2010,1364977100000
Sub-Saharan Africa (WB),,2015,1670044700000
Sub-Saharan Africa (WB),,2020,1791744800000
Sudan,SDN,1990,20456016000
Sudan,SDN,1995,26241255000
Sudan,SDN,2000,37610270000
Sudan,SDN,2005,50129334000
Sudan,SDN,2010,59215300000
Sudan,SDN,2015,51726758000
Sudan,SDN,2020,49449890000
Suriname,SUR,1990,2670873900
Suriname,SUR,1995,2656805400
Suriname,SUR,2000,2921019000
Suriname,SUR,2005,3771156000
Suriname,SUR,2010,4731486700
Suriname,SUR,2015,5126237700
Suriname,SUR,2020,4416708600
Sweden,SWE,1990,298728330000
Sweden,SWE,1995,309506900000
Sweden,SWE,2000,368734570000
Sweden,SWE,2005,417065470000
Sweden,SWE,2010,452069360000
Sweden,SWE,2015,501698270000
Sweden,SWE,2020,535436330000
Switzerland,CHE,1990,470515120000
Switzerland,CHE,1995,473591200000
Switzerland,CHE,2000,529837980000
Switzerland,CHE,2005,567325300000
Switzerland,CHE,2010,636285800000
Switzerland,CHE,2015,694118200000
Switzerland,CHE,2020,731108700000
Syria,SYR,1990,11722376000
Syria,SYR,1995,17367323000
Syria,SYR,2000,20770488000
Syria,SYR,2005,26558570000
Syria,SYR,2010,34316468000
Syria,SYR,2015,16466863000
Syria,SYR,2020,15593657000
Tajikistan,TJK,1990,7088296400
Tajikistan,TJK,1995,2694140000
Tajikistan,TJK,2000,2699528200
Tajikistan,TJK,2005,4281787600
Tajikistan,TJK,2010,5896771000
Tajikistan,TJK,2015,8271431700
Tajikistan,TJK,2020,11425229000
Tanzania,TZA,1990,13747792000
Tanzania,TZA,1995,15026724000
Tanzania,TZA,2000,18486480000
Tanzania,TZA,2005,25882268000
Tanzania,TZA,2010,34828050000
Tanzania,TZA,2015,47413920000
Tanzania,TZA,2020,61565930000
Thailand,THA,1990,144045000000
Thailand,THA,1995,213636120000
Thailand,THA,2000,221454610000
Thailand,THA,2005,288645150000
Thailand,THA,2010,346967930000
Thailand,THA,2015,401296230000
Thailand,THA,2020,432369700000
Togo,TGO,1990,2813623800
Togo,TGO,1995,2824475600
Togo,TGO,2000,3492826600
Togo,TGO,2005,3683570700
Togo,TGO,2010,4339583500
Togo,TGO,2015,5755461000
Togo,TGO,2020,6996087000
Tonga,TON,1990,297867400
Tonga,TON,1995,367526940
Tonga,TON,2000,397019680
Tonga,TON,2005,410010900
Tonga,TON,2010,392437220
Tonga,TON,2015,437525500
Tonga,TON,2020,492256320
Trinidad and Tobago,TTO,1990,7589243000
Trinidad and Tobago,TTO,1995,9200560000
Trinidad and Tobago,TTO,2000,13233523000
Trinidad and Tobago,TTO,2005,19523006000
Trinidad and Tobago,TTO,2010,23646929000
Trinidad and Tobago,TTO,2015,27026751000
Trinidad and Tobago,TTO,2020,21580060000
Tunisia,TUN,1990,17601950000
Tunisia,TUN,1995,21277893000
Tunisia,TUN,2000,27972151000
Tunisia,TUN,2005,33862978000
Tunisia,TUN,2010,42061730000
Tunisia,TUN,2015,45779493000
Tunisia,TUN,2020,44893938000
Turkey,TUR,1990,288739520000
Turkey,TUR,1995,338182340000
Turkey,TUR,2000,413825500000
Turkey,TUR,2005,525474500000
Turkey,TUR,2010,614169050000
Turkey,TUR,2015,864313800000
Turkey,TUR,2020,1015597300000
Turkmenistan,TKM,1990,13145979000
Turkmenistan,TKM,1995,8306730000
Turkmenistan,TKM,2000,10334005000
Turkmenistan,TKM,2005,13250140000
Turkmenistan,TKM,2010,21701782000
Turkmenistan,TKM,2015,35799716000
Turkmenistan,TKM,2020,48406917000
Turks and Caicos Islands,TCA,2015,942070000
Turks and Caicos Islands,TCA,2020,802200800
Tuvalu,TUV,1990,21562114
Tuvalu,TUV,1995,25046356
Tuvalu,TUV,2000,29171722
Tuvalu,TUV,2005,28477158
Tuvalu,TUV,2010,30560852
Tuvalu,TUV,2015,36811936
Tuvalu,TUV,2020,44019156
Uganda,UGA,1990,6498038300
Uganda,UGA,1995,9118234000
Uganda,UGA,2000,12220817000
Uganda,UGA,2005,16901147000
Uganda,UGA,2010,24896350000
Uganda,UGA,2015,32387185000
Uganda,UGA,2020,40768766000
Ukraine,UKR,1990,161487960000
Ukraine,UKR,1995,77156390000
Ukraine,UKR,2000,69836366000
Ukraine,UKR,2005,101005170000
Ukraine,UKR,2010,106195350000
Ukraine,UKR,2015,91030970000
Ukraine,UKR,2020,98118345000
United Arab Emirates,ARE,1990,127141175000
United Arab Emirates,ARE,1995,153043530000
United Arab Emirates,ARE,2000,200410320000
United Arab Emirates,ARE,2005,260192200000
United Arab Emirates,ARE,2010,292968600000
United Arab Emirates,ARE,2015,370275500000
United Arab Emirates,ARE,2020,383342640000
United Kingdom,GBR,1990,1767597700000
United Kingdom,GBR,1995,1915283300000
United Kingdom,GBR,2000,2292208400000
United Kingdom,GBR,2005,2598655000000
United Kingdom,GBR,2010,2655734700000
United Kingdom,GBR,2015,2927911200000
United Kingdom,GBR,2020,2831893700000
United States,USA,1990,9785238000000
United States,USA,1995,11106674000000
United States,USA,2000,13717680000000
United States,USA,2005,15558822000000
United States,USA,2010,16339095000000
United States,USA,2015,18295020000000
United States,USA,2020,19723580000000
United States Virgin Islands,VIR,2005,4991180000
United States Virgin Islands,VIR,2010,5110413000
United States Virgin Islands,VIR,2015,3663000000
United States Virgin Islands,VIR,2020,3810575600
Upper-middle-income countries,,1990,5033732000000
Upper-middle-income countries,,1995,6326618400000
Upper-middle-income countries,,2000,8023928000000
Upper-middle-income countries,,2005,10673460000000
Upper-middle-income countries,,2010,15131983000000
Upper-middle-income countries,,2015,19830615000000
Upper-middle-income countries,,2020,23733211000000
Uruguay,URY,1990,25829738000
Uruguay,URY,1995,31329540000
Uruguay,URY,2000,36242903000
Uruguay,URY,2005,36575228000
Uruguay,URY,2010,48857390000
Uruguay,URY,2015,57680327000
Uruguay,URY,2020,55876702000
Uzbekistan,UZB,1990,32109738000
Uzbekistan,UZB,1995,26042595000
Uzbekistan,UZB,2000,31472652000
Uzbekistan,UZB,2005,40828162000
Uzbekistan,UZB,2010,60876694000
Uzbekistan,UZB,2015,86196265000
Uzbekistan,UZB,2020,109123860000
Vanuatu,VUT,1990,387020200
Vanuatu,VUT,1995,454517020
Vanuatu,VUT,2000,524670620
Vanuatu,VUT,2005,548728500
Vanuatu,VUT,2010,674588740
Vanuatu,VUT,2015,730870800
Vanuatu,VUT,2020,821054340
Vietnam,VNM,1990,45057982000
Vietnam,VNM,1995,66835360000
Vietnam,VNM,2000,93525830000
Vietnam,VNM,2005,130549160000
Vietnam,VNM,2010,177322480000
Vietnam,VNM,2015,239258320000
Vietnam,VNM,2020,323972200000
World,OWID_WRL,1990,36053260000000
World,OWID_WRL,1995,40393664000000
World,OWID_WRL,2000,48437260000000
World,OWID_WRL,2005,56653580000000
World,OWID_WRL,2010,65002107000000
World,OWID_WRL,2015,75472470000000
World,OWID_WRL,2020,82677380000000
Yemen,YEM,1990,23917787000
Yemen,YEM,1995,32264866000
Yemen,YEM,2000,41498240000
Yemen,YEM,2005,50995466000
Yemen,YEM,2010,63038677000
Yemen,YEM,2015,42444490000
Zambia,ZMB,1990,6840844300
Zambia,ZMB,1995,6747775500
Zambia,ZMB,2000,8059030000
Zambia,ZMB,2005,10887712000
Zambia,ZMB,2010,16527123000
Zambia,ZMB,2015,21251217000
Zambia,ZMB,2020,23418946000
Zimbabwe,ZWE,1990,16673493000
Zimbabwe,ZWE,1995,17699780000
Zimbabwe,ZWE,2000,19841018000
Zimbabwe,ZWE,2005,13517583000
Zimbabwe,ZWE,2010,14083116000
Zimbabwe,ZWE,2015,19963120000
Zimbabwe,ZWE,2020,19009139000
